[{
  "_id": "3bb2416f-5169-49b6-be29-e2c6abd59577",
  "Name": "Roger Steve",
  "Email": "rogersteve@outlook.com",
  "Phone": "(11)98877-6633",
  "Photo": "/images/owner/3bb2416f-5169-49b6-be29-e2c6abd59577.jpg",
  "PetIds": [
    "8ef602a3-27e3-4fdb-8553-7fed0b574021"
  ]
},
{
  "_id": "0a40d67a-71bf-4e7a-8fee-ebbed7ee8d26",
  "Name": "Dolores Smith",
  "Email": "dores@gmail.com",
  "Phone": "(21)3356/9988",
  "Photo": "/images/owner/0a40d67a-71bf-4e7a-8fee-ebbed7ee8d26.jpg",
  "PetIds": [
    "11437931-3f9b-4f02-a7ba-29c81f63c515",
    "6bb546c3-ae2e-48e1-94af-a624202881b8"
  ]
},
{
  "_id": "4588526f-62de-43c0-8260-9726d19343a5",
  "Name": "Pets Care Love",
  "Email": "contato@petscarelove.com.br",
  "Phone": "(11)99999-7894",
  "Photo": "/images/owner/4588526f-62de-43c0-8260-9726d19343a5.jpg",
  "PetIds": [
    "609d8beb-6567-4c92-838b-990f71857914"
  ]
}]