[{
  "_id": "ab504a1b-4c78-4e3e-afbc-02d5abb59b21",
  "Name": "permission_view_all",
  "Description": "Can view all records"
},
{
  "_id": "cdd76781-dafb-49b2-abe6-39167fbee3da",
  "Name": "permission_edit_all",
  "Description": "Can edit all records"
},
{
  "_id": "730188b4-708e-4416-93b9-fa7c72ac02b5",
  "Name": "permission_delete_all",
  "Description": "Can delete all records"
},
{
  "_id": "8e334545-1c7d-4f87-a034-d85c4e959b15",
  "Name": "permission_manage_users",
  "Description": "Can manage user accounts"
},
{
  "_id": "1a4cb236-0500-44bc-ba4d-cdfa2126b55d",
  "Name": "permission_view_pets",
  "Description": "Can view pet records"
},
{
  "_id": "27c2fa7c-8474-425b-9163-7953218666b7",
  "Name": "permission_edit_pets",
  "Description": "Can edit pet records"
},
{
  "_id": "39cb4782-12f1-448e-bb4c-a58853b588ac",
  "Name": "permission_perform_exams",
  "Description": "Can perform exams"
},
{
  "_id": "0b0a380c-9541-4d39-aef5-d795b88c73c1",
  "Name": "permission_edit_training",
  "Description": "Can edit training records"
},
{
  "_id": "e5869e50-c03d-4e0a-96f5-8f03b3e3777a",
  "Name": "permission_perform_training",
  "Description": "Can perform training"
},
{
  "_id": "09ed3c25-0367-4c9e-8694-4487e67a5f61",
  "Name": "permission_schedule_appointments",
  "Description": "Can schedule appointments"
},
{
  "_id": "dc4aedbd-5c6e-428c-851f-db129f9947ee",
  "Name": "permission_process_payments",
  "Description": "Can process payments"
},
{
  "_id": "ba5fa4d6-146a-4f69-95bc-6e5da458791b",
  "Name": "permission_view_own_pets",
  "Description": "Can view own pets"
},
{
  "_id": "189364bc-0810-47c5-9199-a8a1a52bb6d8",
  "Name": "permission_schedule_own_appointments",
  "Description": "Can schedule own appointments"
},
{
  "_id": "f6dddf35-af8b-45c5-90ca-02f0c2ec7aba",
  "Name": "permission_edit_own_profile",
  "Description": "Can edit own profile"
},
{
  "_id": "00103bb7-671e-441c-a092-7ce3ac8f3f22",
  "Name": "permission_process_own_payments",
  "Description": "Can process own payments"
},
{
  "_id": "406eaef1-4984-4e82-91bd-ce057a3623da",
  "Name": "permission_manage_pets",
  "Description": "Can manage pets accounts"
},
{
  "_id": "ce234254-5c45-43a4-8b63-76370f3ab5d3",
  "Name": "permission_manage_veterinarians",
  "Description": "Can manage veterinarians accounts"
},
{
  "_id": "cf1cabc5-898c-4893-99a0-04502f5495fb",
  "Name": "permission_manage_trainers",
  "Description": "Can manage trainers accounts"
}]