[{
  "_id": "8ef602a3-27e3-4fdb-8553-7fed0b574021",
  "Name": "Chapolin",
  "DateOfBirth": {
    "$date": "2024-06-05T12:44:59.729Z"
  },
  "BreedId": "1643a113-45be-46ca-b0b9-93af26f7d871",
  "GenderId": "4be91e4d-e191-4745-bb7e-177c00e511bf",
  "Photo": "/images/pets/8ef602a3-27e3-4fdb-8553-7fed0b574021.jpg",
  "OwnerId": "3bb2416f-5169-49b6-be29-e2c6abd59577"
},
{
  "_id": "11437931-3f9b-4f02-a7ba-29c81f63c515",
  "Name": "Absinto",
  "DateOfBirth": {
    "$date": "2024-06-06T13:54:23.575Z"
  },
  "Photo": "/images/pets/11437931-3f9b-4f02-a7ba-29c81f63c515.jpg",
  "BreedId": "0bce01fb-4869-4eae-8822-cd84b80efaec",
  "GenderId": "f055fc51-24f3-4483-8713-015285d88b3b",
  "OwnerId": "0a40d67a-71bf-4e7a-8fee-ebbed7ee8d26"
},
{
  "_id": "609d8beb-6567-4c92-838b-990f71857914",
  "Name": "Firulais",
  "DateOfBirth": {
    "$date": "2023-11-21T03:00:00.000Z"
  },
  "Photo": "/images/pets/609d8beb-6567-4c92-838b-990f71857914.jpg",
  "BreedId": "0a62eab6-2e74-4f4b-9ab0-0d7f7a634d83",
  "GenderId": "4be91e4d-e191-4745-bb7e-177c00e511bf",
  "OwnerId": "4588526f-62de-43c0-8260-9726d19343a5"
}]