[{
  "_id": "9084eea4-96ad-4054-982b-459df0cab387",
  "PetId": "11437931-3f9b-4f02-a7ba-29c81f63c515",
  "MedicalHistory": "Animal apresenta sangramento ao evacuar, o mesmo passara por cirurgia no intestino.",
  "Medications": "Spartan 11mg",
  "Allergies": "Não apresenta",
  "Notes": "Spartan está contendo o sangramento e o animal por um breve momento evacua sem sangramento",
  "AppointmentId": "6b923285-895f-4ce0-8358-19e1c5b57909",
  "VeterinarianId": "84e0682a-968b-4c0f-8ac1-d3749bcc8ed4"
}]