[{
  "_id": "629e8881-a0d4-486a-939c-0a3ee3233f1a",
  "Type": 3,
  "Description": "Banho limpeza profunda e aromática",
  "Price": "37.00",
  "DurationString": "00:40:00"
},
{
  "_id": "c503a051-a3d9-4de5-a712-bef0d862adfa",
  "Type": 1,
  "Description": "Tosa e corte de unhas",
  "Price": "40.00",
  "DurationString": "01:40:00"
},
{
  "_id": "4c992cd7-f1d2-4ecd-837a-b2aaf6ba9277",
  "Type": 2,
  "Description": "Adestramento para seu pet",
  "Price": "3750",
  "DurationString": "360:00:00"
},
{
  "_id": "ebe45a81-1fbc-40cc-b1cc-de95805bbe75",
  "Type": 0,
  "Description": "Consulta geral com veterinário",
  "Price": "80.00",
  "DurationString": "01:00:00"
},
{
  "_id": "565854bf-9c0b-4798-ba72-c6c06d673d96",
  "Type": 5,
  "Description": "Atendimento emergencial com veterinário",
  "Price": "180.00",
  "DurationString": "02:00:00"
}]