[{
  "_id": "6b923285-895f-4ce0-8358-19e1c5b57909",
  "OwnerId": "0a40d67a-71bf-4e7a-8fee-ebbed7ee8d26",
  "PetId": "11437931-3f9b-4f02-a7ba-29c81f63c515",
  "ServiceId": "565854bf-9c0b-4798-ba72-c6c06d673d96",
  "AppointmentDate": {
    "$date": "2024-06-07T14:38:04.198Z"
  },
  "AppointmentStatus": 0,
  "Notes": "Tutor reclama que seu gato apresenta constante sangramento ao evacuar",
  "VeterinarianId": "84e0682a-968b-4c0f-8ac1-d3749bcc8ed4",
  "TrainerId": null,
  "EmployeeId": "493cb91e-ed6b-498d-8242-0d573675ae74",
  "Owner": null,
  "Pet": null,
  "Service": null,
  "Veterinarian": null,
  "Trainer": null,
  "Employee": null
}]