[{
  "_id": "eb336497-44fc-40bb-a538-732261561315",
  "Name": "Coleira de Nylon para Cães",
  "Price": "29.99",
  "Quantity": 35,
  "Photo": "/images/ecommerce/caes/acessorios/Coleira_Nylon_Caes.jpg",
  "CategoryId": "f11fff03-817b-47f1-b88c-da1d8d939beb",
  "PetId": "89298a15-6123-4ffc-b25f-0af460d69e97"
},
{
  "_id": "085ce039-f795-4dfc-92b2-cdf47a3cd985",
  "Name": "Cama Almofadada para Cães",
  "Price": "89.99",
  "Quantity": 35,
  "Photo": "/images/ecommerce/caes/acessorios/Cama_Almofadada_Caes.jpg",
  "CategoryId": "f11fff03-817b-47f1-b88c-da1d8d939beb",
  "PetId": "89298a15-6123-4ffc-b25f-0af460d69e97"
},
{
  "_id": "b2203ac3-12cb-4bd1-a809-73c5dc6460b7",
  "Name": "Coleira com Plaqueta de Identificação",
  "Price": "34.99",
  "Quantity": 35,
  "Photo": "/images/ecommerce/caes/acessorios/Coleira_Plaqueta_Identificacao.jpg",
  "CategoryId": "f11fff03-817b-47f1-b88c-da1d8d939beb",
  "PetId": "89298a15-6123-4ffc-b25f-0af460d69e97"
},
{
  "_id": "4c7c4009-9b1a-40fb-afce-b6203faac199",
  "Name": "Coleira de Couro para Cães",
  "Price": "39.99",
  "Quantity": 35,
  "Photo": "/images/ecommerce/caes/acessorios/Coleira_Couro_Caes.jpg",
  "CategoryId": "f11fff03-817b-47f1-b88c-da1d8d939beb",
  "PetId": "89298a15-6123-4ffc-b25f-0af460d69e97"
},
{
  "_id": "6c384ca1-2d3b-44cb-b0e2-f4eae2f7bb37",
  "Name": "Cama Impermeável para Cães",
  "Price": "99.99",
  "Quantity": 35,
  "Photo": "/images/ecommerce/caes/acessorios/Cama_Impermeavel_Caes.jpg",
  "CategoryId": "f11fff03-817b-47f1-b88c-da1d8d939beb",
  "PetId": "89298a15-6123-4ffc-b25f-0af460d69e97"
},
{
  "_id": "d149ef4a-89ea-4819-a95b-71a699a0b677",
  "Name": "Coleira com Guia Retrátil",
  "Price": "49.99",
  "Quantity": 35,
  "Photo": "/images/ecommerce/caes/acessorios/Coleira_Guia_Retratil.jpg",
  "CategoryId": "f11fff03-817b-47f1-b88c-da1d8d939beb",
  "PetId": "89298a15-6123-4ffc-b25f-0af460d69e97"
},
{
  "_id": "4ce34ff4-5b6e-4eab-9456-150d9f6957b1",
  "Name": "Cama Ortopédica para Cães",
  "Price": "119.99",
  "Quantity": 35,
  "Photo": "/images/ecommerce/caes/acessorios/Cama_Ortopedica_Caes.jpg",
  "CategoryId": "f11fff03-817b-47f1-b88c-da1d8d939beb",
  "PetId": "89298a15-6123-4ffc-b25f-0af460d69e97"
},
{
  "_id": "6ce865e7-964c-4ead-8806-2c3c995c4cea",
  "Name": "Coleira com Estampa para Cães",
  "Price": "24.99",
  "Quantity": 35,
  "Photo": "/images/ecommerce/caes/acessorios/Coleira_Estampa_Caes.jpg",
  "CategoryId": "f11fff03-817b-47f1-b88c-da1d8d939beb",
  "PetId": "89298a15-6123-4ffc-b25f-0af460d69e97"
},
{
  "_id": "3b4a33e5-fb66-4aa5-8354-6fc816c61756",
  "Name": "Coleira de Metal para Cães",
  "Price": "54.99",
  "Quantity": 35,
  "Photo": "/images/ecommerce/caes/acessorios/Coleira_Metal_Caes.jpg",
  "CategoryId": "f11fff03-817b-47f1-b88c-da1d8d939beb",
  "PetId": "89298a15-6123-4ffc-b25f-0af460d69e97"
},
{
  "_id": "9264993b-c98e-409d-bb86-3cf8b248a382",
  "Name": "Cama de Espuma para Cães",
  "Price": "109.99",
  "Quantity": 35,
  "Photo": "/images/ecommerce/caes/acessorios/Cama_Espuma_Caes.jpg",
  "CategoryId": "f11fff03-817b-47f1-b88c-da1d8d939beb",
  "PetId": "89298a15-6123-4ffc-b25f-0af460d69e97"
},
{
  "_id": "03b5ec79-6e29-42ff-af89-6947c49033d8",
  "Name": "Brinquedo de Pelúcia para Cães",
  "Price": "22.99",
  "Quantity": 35,
  "Photo": "/images/ecommerce/caes/acessorios/Brinquedo_Pelucia_Caes.jpg",
  "CategoryId": "f11fff03-817b-47f1-b88c-da1d8d939beb",
  "PetId": "89298a15-6123-4ffc-b25f-0af460d69e97"
},
{
  "_id": "9ff43a53-91a6-42a1-90d4-7040611b46da",
  "Name": "Coleira com GPS para Cães",
  "Price": "99.99",
  "Quantity": 35,
  "Photo": "/images/ecommerce/caes/acessorios/Coleira_GPS_Caes.jpg",
  "CategoryId": "f11fff03-817b-47f1-b88c-da1d8d939beb",
  "PetId": "89298a15-6123-4ffc-b25f-0af460d69e97"
},
{
  "_id": "02da852e-fd29-48a1-8c8c-081710e6a581",
  "Name": "Cama de Algodão para Cães",
  "Price": "79.99",
  "Quantity": 35,
  "Photo": "/images/ecommerce/caes/acessorios/Cama_Algodao_Caes.jpg",
  "CategoryId": "f11fff03-817b-47f1-b88c-da1d8d939beb",
  "PetId": "89298a15-6123-4ffc-b25f-0af460d69e97"
},
{
  "_id": "f09889d7-6125-41bc-8af1-c9307a9e8634",
  "Name": "Cama com Cobertor para Cães",
  "Price": "109.99",
  "Quantity": 35,
  "Photo": "/images/ecommerce/caes/acessorios/Cama_Cobertor_Caes.jpg",
  "CategoryId": "f11fff03-817b-47f1-b88c-da1d8d939beb",
  "PetId": "89298a15-6123-4ffc-b25f-0af460d69e97"
},
{
  "_id": "565f0081-1e6f-4fa6-ad9e-e43d30ac0182",
  "Name": "Cama Portátil para Cães",
  "Price": "99.99",
  "Quantity": 35,
  "Photo": "/images/ecommerce/caes/acessorios/Cama_Portatil_Caes.jpg",
  "CategoryId": "f11fff03-817b-47f1-b88c-da1d8d939beb",
  "PetId": "89298a15-6123-4ffc-b25f-0af460d69e97"
},
{
  "_id": "389afbe7-b790-4d15-a621-9221bb3f209b",
  "Name": "Coleira de Treinamento para Cães",
  "Price": "59.99",
  "Quantity": 35,
  "Photo": "/images/ecommerce/caes/acessorios/Coleira_Treinamento_Caes.jpg",
  "CategoryId": "f11fff03-817b-47f1-b88c-da1d8d939beb",
  "PetId": "89298a15-6123-4ffc-b25f-0af460d69e97"
},
{
  "_id": "081f22fa-0ef8-41c9-8d9d-9e4fdd9f0a95",
  "Name": "Cama de Veludo para Cães",
  "Price": "119.99",
  "Quantity": 35,
  "Photo": "/images/ecommerce/caes/acessorios/Cama_Veludo_Caes.jpg",
  "CategoryId": "f11fff03-817b-47f1-b88c-da1d8d939beb",
  "PetId": "89298a15-6123-4ffc-b25f-0af460d69e97"
},
{
  "_id": "923dc159-9c8e-43e1-ac62-1502d480123c",
  "Name": "Coleira Anti-Pulgas para Cães",
  "Price": "24.99",
  "Quantity": 35,
  "Photo": "/images/ecommerce/caes/acessorios/Coleira_Anti-Pulgas_Caes.jpg",
  "CategoryId": "f11fff03-817b-47f1-b88c-da1d8d939beb",
  "PetId": "89298a15-6123-4ffc-b25f-0af460d69e97"
},
{
  "_id": "76c73425-c142-47cf-90cd-003286608c0a",
  "Name": "Coleira Refletiva para Cães",
  "Price": "22.99",
  "Quantity": 35,
  "Photo": "/images/ecommerce/caes/acessorios/COleira_Refletiva_Caes.jpg",
  "CategoryId": "f11fff03-817b-47f1-b88c-da1d8d939beb",
  "PetId": "89298a15-6123-4ffc-b25f-0af460d69e97"
},
{
  "_id": "9ca8a704-9d21-4c7b-ab99-6e738865c5f2",
  "Name": "Shampoo Neutro para Cães",
  "Price": "29.99",
  "Quantity": 35,
  "Photo": "/images/ecommerce/caes/higiene/Shampoo_Neutro_Caes.jpg",
  "CategoryId": "d6959373-5267-40d3-b300-190d159b509e",
  "PetId": "89298a15-6123-4ffc-b25f-0af460d69e97"
},
{
  "_id": "6a6cedcf-31be-4728-b7b5-0f2c5c744d11",
  "Name": "Escova de Dentes para Cães",
  "Price": "14.99",
  "Quantity": 35,
  "Photo": "/images/ecommerce/caes/higiene/Escova_Dentes_Caes.jpg",
  "CategoryId": "d6959373-5267-40d3-b300-190d159b509e",
  "PetId": "89298a15-6123-4ffc-b25f-0af460d69e97"
},
{
  "_id": "1294c131-93fe-42be-b08c-31c4c0285244",
  "Name": "Cortador de Unhas para Cães",
  "Price": "19.99",
  "Quantity": 35,
  "Photo": "/images/ecommerce/caes/higiene/Cortador_Unhas_Caes.jpg",
  "CategoryId": "d6959373-5267-40d3-b300-190d159b509e",
  "PetId": "89298a15-6123-4ffc-b25f-0af460d69e97"
},
{
  "_id": "cbfb0c3a-afeb-4c9a-a35a-c7b24e7988d4",
  "Name": "Condicionador para Cães",
  "Price": "24.99",
  "Quantity": 35,
  "Photo": "/images/ecommerce/caes/higiene/Condicionador_Caes.jpg",
  "CategoryId": "d6959373-5267-40d3-b300-190d159b509e",
  "PetId": "89298a15-6123-4ffc-b25f-0af460d69e97"
},
{
  "_id": "a942a6db-0df8-4174-b224-ddb83c4d76cc",
  "Name": "Pente Desembaraçador para Cães",
  "Price": "12.99",
  "Quantity": 35,
  "Photo": "/images/ecommerce/caes/higiene/Pente_Desembaracador_Caes.jpg",
  "CategoryId": "d6959373-5267-40d3-b300-190d159b509e",
  "PetId": "89298a15-6123-4ffc-b25f-0af460d69e97"
},
{
  "_id": "f4e44895-de02-41b1-94cc-e80876bd80ce",
  "Name": "Limpador de Orelhas para Cães",
  "Price": "17.99",
  "Quantity": 35,
  "Photo": "/images/ecommerce/caes/higiene/Limpador_Orelhas_Caes.jpg",
  "CategoryId": "d6959373-5267-40d3-b300-190d159b509e",
  "PetId": "89298a15-6123-4ffc-b25f-0af460d69e97"
},
{
  "_id": "1daf6e69-5bea-4c28-b9a1-60b0f8d639b5",
  "Name": "Toalhas Umedecidas para Cães",
  "Price": "15.99",
  "Quantity": 35,
  "Photo": "/images/ecommerce/caes/higiene/Toalhas_Umedecidas_Caes.jpg",
  "CategoryId": "d6959373-5267-40d3-b300-190d159b509e",
  "PetId": "89298a15-6123-4ffc-b25f-0af460d69e97"
},
{
  "_id": "889bae96-b7b1-40c4-8a22-714837e5c404",
  "Name": "Escova de Pelo para Cães",
  "Price": "9.99",
  "Quantity": 35,
  "Photo": "/images/ecommerce/caes/higiene/Escova_Pelo_Caes.jpg",
  "CategoryId": "d6959373-5267-40d3-b300-190d159b509e",
  "PetId": "89298a15-6123-4ffc-b25f-0af460d69e97"
},
{
  "_id": "eb9bea04-687b-4798-9621-553a4717a9eb",
  "Name": "Desodorante para Cães",
  "Price": "19.99",
  "Quantity": 35,
  "Photo": "/images/ecommerce/caes/higiene/Desodorante_Caes.jpg",
  "CategoryId": "d6959373-5267-40d3-b300-190d159b509e",
  "PetId": "89298a15-6123-4ffc-b25f-0af460d69e97"
},
{
  "_id": "aa96faf3-5ab0-469c-bc22-e2ec9f22d6a3",
  "Name": "Luva de Limpeza para Cães",
  "Price": "11.99",
  "Quantity": 35,
  "Photo": "/images/ecommerce/caes/higiene/Luva_Limpeza_Caes.jpg",
  "CategoryId": "d6959373-5267-40d3-b300-190d159b509e",
  "PetId": "89298a15-6123-4ffc-b25f-0af460d69e97"
},
{
  "_id": "b8c198c2-694b-473d-bf08-ea3880393b23",
  "Name": "Ração Seca para Cães Adultos",
  "Price": "129.99",
  "Quantity": 35,
  "Photo": "/images/ecommerce/caes/alimentos/Racao_Seca_Caes_Adultos.jpg",
  "CategoryId": "02ef6022-5eca-4d8a-aebe-c145ccb24612",
  "PetId": "89298a15-6123-4ffc-b25f-0af460d69e97"
},
{
  "_id": "4c3afd6a-f004-43e0-9d25-c8bb887c836c",
  "Name": "Ração Úmida para Cães Filhotes",
  "Price": "69.99",
  "Quantity": 35,
  "Photo": "/images/ecommerce/caes/alimentos/Racao_Umida_Caes_Filhotes.jpg",
  "CategoryId": "02ef6022-5eca-4d8a-aebe-c145ccb24612",
  "PetId": "89298a15-6123-4ffc-b25f-0af460d69e97"
},
{
  "_id": "e24f4216-c728-4cdb-aaf3-300118add7b8",
  "Name": "Suplemento de Vitaminas para Cães",
  "Price": "49.99",
  "Quantity": 35,
  "Photo": "/images/ecommerce/caes/alimentos/Suplemento_Vitaminas_Caes.jpg",
  "CategoryId": "02ef6022-5eca-4d8a-aebe-c145ccb24612",
  "PetId": "89298a15-6123-4ffc-b25f-0af460d69e97"
},
{
  "_id": "d049ed59-74b0-48db-a72e-b46d9102dbc0",
  "Name": "Ração Grain-Free para Cães",
  "Price": "139.99",
  "Quantity": 35,
  "Photo": "/images/ecommerce/caes/alimentos/Racao_Grain-Free_Caes.jpg",
  "CategoryId": "02ef6022-5eca-4d8a-aebe-c145ccb24612",
  "PetId": "89298a15-6123-4ffc-b25f-0af460d69e97"
},
{
  "_id": "940b810a-6ef5-4b0f-9000-c0629ae4246e",
  "Name": "Petiscos Naturais para Cães",
  "Price": "24.99",
  "Quantity": 35,
  "Photo": "/images/ecommerce/caes/alimentos/Petiscos_Naturais_Caes.jpg",
  "CategoryId": "02ef6022-5eca-4d8a-aebe-c145ccb24612",
  "PetId": "89298a15-6123-4ffc-b25f-0af460d69e97"
},
{
  "_id": "99776f81-0111-46d5-b7f6-b6fd7ed1ff4a",
  "Name": "Ração Seca para Cães Sênior",
  "Price": "119.99",
  "Quantity": 35,
  "Photo": "/images/ecommerce/caes/alimentos/Racao_Seca_Caes_Senior.jpg",
  "CategoryId": "02ef6022-5eca-4d8a-aebe-c145ccb24612",
  "PetId": "89298a15-6123-4ffc-b25f-0af460d69e97"
},
{
  "_id": "c4557bfc-cfd9-4758-b0f4-bdca8402cca2",
  "Name": "Suplemento de Ômega 3 para Cães",
  "Price": "59.99",
  "Quantity": 35,
  "Photo": "/images/ecommerce/caes/alimentos/Suplemento_Omega-3_Caes.jpg",
  "CategoryId": "02ef6022-5eca-4d8a-aebe-c145ccb24612",
  "PetId": "89298a15-6123-4ffc-b25f-0af460d69e97"
},
{
  "_id": "8988a00d-7bf8-4ec4-b0d9-a34f72b5b233",
  "Name": "Ração Hipoalergênica para Cães",
  "Price": "149.99",
  "Quantity": 35,
  "Photo": "/images/ecommerce/caes/alimentos/Racao_Hipoalergenica_Caes.jpg",
  "CategoryId": "02ef6022-5eca-4d8a-aebe-c145ccb24612",
  "PetId": "89298a15-6123-4ffc-b25f-0af460d69e97"
},
{
  "_id": "1d7f448f-3890-443a-b640-163e28741a71",
  "Name": "Petiscos Funcionais para Cães",
  "Price": "34.99",
  "Quantity": 35,
  "Photo": "/images/ecommerce/caes/alimentos/Petiscos_Funcionais_Caes.jpg",
  "CategoryId": "02ef6022-5eca-4d8a-aebe-c145ccb24612",
  "PetId": "89298a15-6123-4ffc-b25f-0af460d69e97"
},
{
  "_id": "0a9d8a44-35de-4a8d-99c5-f6298948e08d",
  "Name": "Ração Orgânica para Cães",
  "Price": "159.99",
  "Quantity": 35,
  "Photo": "/images/ecommerce/caes/alimentos/Racao_Organica_Caes.jpg",
  "CategoryId": "02ef6022-5eca-4d8a-aebe-c145ccb24612",
  "PetId": "89298a15-6123-4ffc-b25f-0af460d69e97"
},
{
  "_id": "3395380f-f6a0-417c-8274-9a554cf9c8fc",
  "Name": "Ração Seca para Gatos Adultos",
  "Price": "119.99",
  "Quantity": 35,
  "Photo": "/images/ecommerce/gatos/alimentos/Racao_Seca_Gatos_Adultos.jpg",
  "CategoryId": "02ef6022-5eca-4d8a-aebe-c145ccb24612",
  "PetId": "18ce01fb-4869-4eae-8822-cd84b80efaec"
},
{
  "_id": "7fce1ec5-2940-4fe4-8bc8-f763b7e3e6f0",
  "Name": "Ração Úmida para Gatos Filhotes",
  "Price": "59.99",
  "Quantity": 35,
  "Photo": "/images/ecommerce/gatos/alimentos/Racao_Umida_Gatos_Filhotes.jpg",
  "CategoryId": "02ef6022-5eca-4d8a-aebe-c145ccb24612",
  "PetId": "18ce01fb-4869-4eae-8822-cd84b80efaec"
},
{
  "_id": "cf5284b0-d294-44a9-b6ed-0d1dc0fd9def",
  "Name": "Suplemento de Taurina para Gatos",
  "Price": "39.99",
  "Quantity": 35,
  "Photo": "/images/ecommerce/gatos/alimentos/Suplemento_Taurina_Gatos.jpg",
  "CategoryId": "02ef6022-5eca-4d8a-aebe-c145ccb24612",
  "PetId": "18ce01fb-4869-4eae-8822-cd84b80efaec"
},
{
  "_id": "20675e09-1bb4-49de-9270-c15c7c4209ad",
  "Name": "Ração Grain-Free para Gatos",
  "Price": "139.99",
  "Quantity": 35,
  "Photo": "/images/ecommerce/gatos/alimentos/Racao_Grain-Free_Gatos.jpg",
  "CategoryId": "02ef6022-5eca-4d8a-aebe-c145ccb24612",
  "PetId": "18ce01fb-4869-4eae-8822-cd84b80efaec"
},
{
  "_id": "477fe7fa-0bd8-4527-b865-2ac413414947",
  "Name": "Petiscos Naturais para Gatos",
  "Price": "24.99",
  "Quantity": 35,
  "Photo": "/images/ecommerce/gatos/alimentos/Petiscos_Naturais_Gatos.jpg",
  "CategoryId": "02ef6022-5eca-4d8a-aebe-c145ccb24612",
  "PetId": "18ce01fb-4869-4eae-8822-cd84b80efaec"
},
{
  "_id": "670ff627-865c-41b9-bea5-bb5dd73b7603",
  "Name": "Ração Seca para Gatos Sênior",
  "Price": "109.99",
  "Quantity": 35,
  "Photo": "/images/ecommerce/gatos/alimentos/Racao_Seca_Gatos_Senior.jpg",
  "CategoryId": "02ef6022-5eca-4d8a-aebe-c145ccb24612",
  "PetId": "18ce01fb-4869-4eae-8822-cd84b80efaec"
},
{
  "_id": "58be5886-749a-430e-a0e1-6eb8dd392135",
  "Name": "Suplemento de Ômega 3 para Gatos",
  "Price": "49.99",
  "Quantity": 35,
  "Photo": "/images/ecommerce/gatos/alimentos/Suplemento_Omega-3_Gatos.jpg",
  "CategoryId": "02ef6022-5eca-4d8a-aebe-c145ccb24612",
  "PetId": "18ce01fb-4869-4eae-8822-cd84b80efaec"
},
{
  "_id": "c837c2ba-2f65-4b7a-b053-01d5d76820f2",
  "Name": "Ração Hipoalergênica para Gatos",
  "Price": "149.99",
  "Quantity": 35,
  "Photo": "/images/ecommerce/gatos/alimentos/Racao_Hipoalergenica_Gatos.jpg",
  "CategoryId": "02ef6022-5eca-4d8a-aebe-c145ccb24612",
  "PetId": "18ce01fb-4869-4eae-8822-cd84b80efaec"
},
{
  "_id": "0f233adf-b191-4060-9a14-a60cd2e40c12",
  "Name": "Petiscos Funcionais para Gatos",
  "Price": "34.99",
  "Quantity": 35,
  "Photo": "/images/ecommerce/gatos/alimentos/Petiscos_Funcionais_Gatos.jpg",
  "CategoryId": "02ef6022-5eca-4d8a-aebe-c145ccb24612",
  "PetId": "18ce01fb-4869-4eae-8822-cd84b80efaec"
},
{
  "_id": "a3cbf813-8ad1-4945-b781-94b1521774d4",
  "Name": "Ração Orgânica para Gatos",
  "Price": "159.99",
  "Quantity": 35,
  "Photo": "/images/ecommerce/gatos/alimentos/Racao_Organica_Gatos.jpg",
  "CategoryId": "02ef6022-5eca-4d8a-aebe-c145ccb24612",
  "PetId": "18ce01fb-4869-4eae-8822-cd84b80efaec"
},
{
  "_id": "9f362d71-2fe8-4b99-828d-8d38f1d1744d",
  "Name": "Shampoo Neutro para Gatos",
  "Price": "29.99",
  "Quantity": 35,
  "Photo": "/images/ecommerce/gatos/higiene/Shampoo_Neutro_Gatos.jpg",
  "CategoryId": "d6959373-5267-40d3-b300-190d159b509e",
  "PetId": "18ce01fb-4869-4eae-8822-cd84b80efaec"
},
{
  "_id": "0d1897c2-e504-4b53-92fb-84102f1d1012",
  "Name": "Escova de Dentes para Gatos",
  "Price": "14.99",
  "Quantity": 35,
  "Photo": "/images/ecommerce/gatos/higiene/Escova_Dentes_Gatos.jpg",
  "CategoryId": "d6959373-5267-40d3-b300-190d159b509e",
  "PetId": "18ce01fb-4869-4eae-8822-cd84b80efaec"
},
{
  "_id": "7cc0d6b0-fb13-4a43-ab1d-5dfce11d7479",
  "Name": "Cortador de Unhas para Gatos",
  "Price": "19.99",
  "Quantity": 35,
  "Photo": "/images/ecommerce/gatos/higiene/Cortador_Unhas_Gatos.jpg",
  "CategoryId": "d6959373-5267-40d3-b300-190d159b509e",
  "PetId": "18ce01fb-4869-4eae-8822-cd84b80efaec"
},
{
  "_id": "2e24f435-95b5-4cd1-b3a2-f19fd6140949",
  "Name": "Condicionador para Gatos",
  "Price": "24.99",
  "Quantity": 35,
  "Photo": "/images/ecommerce/gatos/higiene/Condicionador_Gatos.jpg",
  "CategoryId": "d6959373-5267-40d3-b300-190d159b509e",
  "PetId": "18ce01fb-4869-4eae-8822-cd84b80efaec"
},
{
  "_id": "b5d099d7-ad3f-4780-a205-6fce1c86e2a1",
  "Name": "Pente Desembaraçador para Gatos",
  "Price": "12.99",
  "Quantity": 35,
  "Photo": "/images/ecommerce/gatos/higiene/Pente_Desembaracador_Gatos.jpg",
  "CategoryId": "d6959373-5267-40d3-b300-190d159b509e",
  "PetId": "18ce01fb-4869-4eae-8822-cd84b80efaec"
},
{
  "_id": "3ffc1e31-544d-48c4-82a6-96373f6518dc",
  "Name": "Limpador de Orelhas para Gatos",
  "Price": "17.99",
  "Quantity": 35,
  "Photo": "/images/ecommerce/gatos/higiene/Limpador_Orelhas_Gatos.jpg",
  "CategoryId": "d6959373-5267-40d3-b300-190d159b509e",
  "PetId": "18ce01fb-4869-4eae-8822-cd84b80efaec"
},
{
  "_id": "b8e3ee84-3b79-4792-bec8-198367b1399b",
  "Name": "Toalhas Umedecidas para Gatos",
  "Price": "15.99",
  "Quantity": 35,
  "Photo": "/images/ecommerce/gatos/higiene/Toalhas_Umedecidas_Gatos.jpg",
  "CategoryId": "d6959373-5267-40d3-b300-190d159b509e",
  "PetId": "18ce01fb-4869-4eae-8822-cd84b80efaec"
},
{
  "_id": "ddb7520e-a7fb-4d80-a916-40e776b08463",
  "Name": "Escova de Pelo para Gatos",
  "Price": "9.99",
  "Quantity": 35,
  "Photo": "/images/ecommerce/gatos/higiene/Escova_Pelo_Gatos.jpg",
  "CategoryId": "d6959373-5267-40d3-b300-190d159b509e",
  "PetId": "18ce01fb-4869-4eae-8822-cd84b80efaec"
},
{
  "_id": "ddb67ce2-2984-4f9c-9bab-67838f53517e",
  "Name": "Desodorante para Gatos",
  "Price": "19.99",
  "Quantity": 35,
  "Photo": "/images/ecommerce/gatos/higiene/Desodorante_Gatos.jpg",
  "CategoryId": "d6959373-5267-40d3-b300-190d159b509e",
  "PetId": "18ce01fb-4869-4eae-8822-cd84b80efaec"
},
{
  "_id": "e6cea515-2ee8-4ae1-8b76-68f7a847df57",
  "Name": "Luva de Limpeza para Gatos",
  "Price": "11.99",
  "Quantity": 35,
  "Photo": "/images/ecommerce/gatos/higiene/Luva_Limpeza_Gatos.jpg",
  "CategoryId": "d6959373-5267-40d3-b300-190d159b509e",
  "PetId": "18ce01fb-4869-4eae-8822-cd84b80efaec"
},
{
  "_id": "ab147c07-179d-44c7-a49d-951e7fa1e2df",
  "Name": "Brinquedo de Borracha para Gatos",
  "Price": "15.99",
  "Quantity": 35,
  "Photo": "/images/ecommerce/gatos/acessorios/Brinquedo_Borracha_Gatos.jpg",
  "CategoryId": "f11fff03-817b-47f1-b88c-da1d8d939beb",
  "PetId": "18ce01fb-4869-4eae-8822-cd84b80efaec"
},
{
  "_id": "f70e1693-8d1b-4965-8246-5ffb3afb4a21",
  "Name": "Brinquedo de Pelúcia para Gatos",
  "Price": "19.99",
  "Quantity": 35,
  "Photo": "/images/ecommerce/gatos/acessorios/Brinquedo_Pelucia_Gatos.jpg",
  "CategoryId": "f11fff03-817b-47f1-b88c-da1d8d939beb",
  "PetId": "18ce01fb-4869-4eae-8822-cd84b80efaec"
},
{
  "_id": "7bf743ac-7559-428b-9cf8-65b6974f0837",
  "Name": "Cama Caverna para Gatos",
  "Price": "79.99",
  "Quantity": 35,
  "Photo": "/images/ecommerce/gatos/acessorios/Cama_Caverna_Gatos.jpg",
  "CategoryId": "f11fff03-817b-47f1-b88c-da1d8d939beb",
  "PetId": "18ce01fb-4869-4eae-8822-cd84b80efaec"
},
{
  "_id": "7d45a1d9-08e3-49c4-afc7-f9aed52c3889",
  "Name": "Arranhador de Sisal para Gatos",
  "Price": "49.99",
  "Quantity": 35,
  "Photo": "/images/ecommerce/gatos/acessorios/Arranhador_Sisal_Gatos.jpg",
  "CategoryId": "f11fff03-817b-47f1-b88c-da1d8d939beb",
  "PetId": "18ce01fb-4869-4eae-8822-cd84b80efaec"
},
{
  "_id": "7f8a4191-b80a-42fb-8514-f5f2d2c824f6",
  "Name": "Brinquedo Interativo para Gatos",
  "Price": "29.99",
  "Quantity": 35,
  "Photo": "/images/ecommerce/gatos/acessorios/Brinquedo_Interativo_Gatos.jpg",
  "CategoryId": "f11fff03-817b-47f1-b88c-da1d8d939beb",
  "PetId": "18ce01fb-4869-4eae-8822-cd84b80efaec"
},
{
  "_id": "c4e2d26e-84c4-4436-8f75-8f59bcd9d036",
  "Name": "Brinquedo de Catnip para Gatos",
  "Price": "9.99",
  "Quantity": 35,
  "Photo": "/images/ecommerce/gatos/acessorios/Brinquedo_Catnip_Gatos.jpg",
  "CategoryId": "f11fff03-817b-47f1-b88c-da1d8d939beb",
  "PetId": "18ce01fb-4869-4eae-8822-cd84b80efaec"
},
{
  "_id": "55d0e700-84df-4bb8-ac73-ddea9c531aba",
  "Name": "Cama de Tecido para Gatos",
  "Price": "69.99",
  "Quantity": 35,
  "Photo": "/images/ecommerce/gatos/acessorios/Cama_Tecido_Gatos.jpg",
  "CategoryId": "f11fff03-817b-47f1-b88c-da1d8d939beb",
  "PetId": "18ce01fb-4869-4eae-8822-cd84b80efaec"
},
{
  "_id": "93caa910-2948-48a8-a7fa-e1a7133f883c",
  "Name": "Brinquedo de Plástico para Gatos",
  "Price": "12.99",
  "Quantity": 35,
  "Photo": "/images/ecommerce/gatos/acessorios/Brinquedo_Plastico_Gatos.jpg",
  "CategoryId": "f11fff03-817b-47f1-b88c-da1d8d939beb",
  "PetId": "18ce01fb-4869-4eae-8822-cd84b80efaec"
},
{
  "_id": "0c340496-9f0f-401e-a736-9a9fb33c4e3f",
  "Name": "Coleira Ajustável para Gatos",
  "Price": "17.99",
  "Quantity": 35,
  "Photo": "/images/ecommerce/gatos/acessorios/Coleira_Ajustavel_Gatos.jpg",
  "CategoryId": "f11fff03-817b-47f1-b88c-da1d8d939beb",
  "PetId": "18ce01fb-4869-4eae-8822-cd84b80efaec"
},
{
  "_id": "95ba7098-9dc1-4e19-9501-c697db32b27d",
  "Name": "Cama Suspensa para Gatos",
  "Price": "139.99",
  "Quantity": 35,
  "Photo": "/images/ecommerce/gatos/acessorios/Cama_Suspensa_Gatos.jpg",
  "CategoryId": "f11fff03-817b-47f1-b88c-da1d8d939beb",
  "PetId": "18ce01fb-4869-4eae-8822-cd84b80efaec"
},
{
  "_id": "28b407c2-ce8e-4b57-a1d7-34cd16b4882e",
  "Name": "Brinquedo de Rato para Gatos",
  "Price": "13.99",
  "Quantity": 35,
  "Photo": "/images/ecommerce/gatos/acessorios/Brinquedo_Rato_Gatos.jpg",
  "CategoryId": "f11fff03-817b-47f1-b88c-da1d8d939beb",
  "PetId": "18ce01fb-4869-4eae-8822-cd84b80efaec"
},
{
  "_id": "3df49ed4-160f-41ae-b08e-1695905b2eac",
  "Name": "Coleira com Sineta para Gatos",
  "Price": "21.99",
  "Quantity": 35,
  "Photo": "/images/ecommerce/gatos/acessorios/Coleira_Sineta_Gatos.jpg",
  "CategoryId": "f11fff03-817b-47f1-b88c-da1d8d939beb",
  "PetId": "18ce01fb-4869-4eae-8822-cd84b80efaec"
},
{
  "_id": "839fed76-1024-49e0-9b0e-d37ea264bacc",
  "Name": "Brinquedo de Túnel para Gatos",
  "Price": "34.99",
  "Quantity": 35,
  "Photo": "/images/ecommerce/gatos/acessorios/Brinquedo_Tunel_Gatos.jpg",
  "CategoryId": "f11fff03-817b-47f1-b88c-da1d8d939beb",
  "PetId": "18ce01fb-4869-4eae-8822-cd84b80efaec"
},
{
  "_id": "6ddb6801-fcef-42e6-83de-51aa27b5177f",
  "Name": "Coleira com Laço para Gatos",
  "Price": "19.99",
  "Quantity": 35,
  "Photo": "/images/ecommerce/gatos/acessorios/Coleira_Laco_Gatos.jpg",
  "CategoryId": "f11fff03-817b-47f1-b88c-da1d8d939beb",
  "PetId": "18ce01fb-4869-4eae-8822-cd84b80efaec"
},
{
  "_id": "98908066-0510-4339-981d-ee4c390a9ab1",
  "Name": "Brinquedo de Bola para Gatos",
  "Price": "18.99",
  "Quantity": 35,
  "Photo": "/images/ecommerce/gatos/acessorios/Brinquedo_Bola_Gatos.jpg",
  "CategoryId": "f11fff03-817b-47f1-b88c-da1d8d939beb",
  "PetId": "18ce01fb-4869-4eae-8822-cd84b80efaec"
},
{
  "_id": "75e9d2da-ae0a-4896-952b-0d339d1e888f",
  "Name": "Brinquedo de Penas para Gatos",
  "Price": "10.99",
  "Quantity": 35,
  "Photo": "/images/ecommerce/gatos/acessorios/Brinquedo_Penas_Gatos.jpg",
  "CategoryId": "f11fff03-817b-47f1-b88c-da1d8d939beb",
  "PetId": "18ce01fb-4869-4eae-8822-cd84b80efaec"
},
{
  "_id": "c1c09186-c909-4789-b6e6-059424d66216",
  "Name": "Cama de Lã para Gatos",
  "Price": "89.99",
  "Quantity": 35,
  "Photo": "/images/ecommerce/gatos/acessorios/Cama_La_Gatos.jpg",
  "CategoryId": "f11fff03-817b-47f1-b88c-da1d8d939beb",
  "PetId": "18ce01fb-4869-4eae-8822-cd84b80efaec"
}]