[{
  "_id": "1643a113-45be-46ca-b0b9-93af26f7d871",
  "Name": "Vira-lata",
  "TypeAnimalId": "89298a15-6123-4ffc-b25f-0af460d69e97",
  "TypeAnimal": {
    "_id": "3fa85f64-5717-4562-b3fc-2c963f66afa6",
    "Name": "string"
  }
},
{
  "_id": "1a62eab6-2e74-4f4b-9ab0-0d7f7a634d7a",
  "Name": "Labrador Retriever",
  "TypeAnimalId": "89298a15-6123-4ffc-b25f-0af460d69e97"
},
{
  "_id": "2a62eab6-2e74-4f4b-9ab0-0d7f7a634d7b",
  "Name": "Golden Retriever",
  "TypeAnimalId": "89298a15-6123-4ffc-b25f-0af460d69e97"
},
{
  "_id": "3a62eab6-2e74-4f4b-9ab0-0d7f7a634d7c",
  "Name": "Bulldog",
  "TypeAnimalId": "89298a15-6123-4ffc-b25f-0af460d69e97"
},
{
  "_id": "4a62eab6-2e74-4f4b-9ab0-0d7f7a634d7d",
  "Name": "Beagle",
  "TypeAnimalId": "89298a15-6123-4ffc-b25f-0af460d69e97"
},
{
  "_id": "5a62eab6-2e74-4f4b-9ab0-0d7f7a634d7e",
  "Name": "Poodle",
  "TypeAnimalId": "89298a15-6123-4ffc-b25f-0af460d69e97"
},
{
  "_id": "6a62eab6-2e74-4f4b-9ab0-0d7f7a634d7f",
  "Name": "Rottweiler",
  "TypeAnimalId": "89298a15-6123-4ffc-b25f-0af460d69e97"
},
{
  "_id": "7a62eab6-2e74-4f4b-9ab0-0d7f7a634d80",
  "Name": "Yorkshire Terrier",
  "TypeAnimalId": "89298a15-6123-4ffc-b25f-0af460d69e97"
},
{
  "_id": "8a62eab6-2e74-4f4b-9ab0-0d7f7a634d81",
  "Name": "Boxer",
  "TypeAnimalId": "89298a15-6123-4ffc-b25f-0af460d69e97"
},
{
  "_id": "9a62eab6-2e74-4f4b-9ab0-0d7f7a634d82",
  "Name": "Dachshund",
  "TypeAnimalId": "89298a15-6123-4ffc-b25f-0af460d69e97"
},
{
  "_id": "0a62eab6-2e74-4f4b-9ab0-0d7f7a634d83",
  "Name": "Siberian Husky",
  "TypeAnimalId": "89298a15-6123-4ffc-b25f-0af460d69e97"
},
{
  "_id": "1bce01fb-4869-4eae-8822-cd84b80efaec",
  "Name": "Persian",
  "TypeAnimalId": "18ce01fb-4869-4eae-8822-cd84b80efaec"
},
{
  "_id": "2bce01fb-4869-4eae-8822-cd84b80efaec",
  "Name": "Maine Coon",
  "TypeAnimalId": "18ce01fb-4869-4eae-8822-cd84b80efaec"
},
{
  "_id": "3bce01fb-4869-4eae-8822-cd84b80efaec",
  "Name": "Siamese",
  "TypeAnimalId": "18ce01fb-4869-4eae-8822-cd84b80efaec"
},
{
  "_id": "4bce01fb-4869-4eae-8822-cd84b80efaec",
  "Name": "Ragdoll",
  "TypeAnimalId": "18ce01fb-4869-4eae-8822-cd84b80efaec"
},
{
  "_id": "5bce01fb-4869-4eae-8822-cd84b80efaec",
  "Name": "Bengal",
  "TypeAnimalId": "18ce01fb-4869-4eae-8822-cd84b80efaec"
},
{
  "_id": "6bce01fb-4869-4eae-8822-cd84b80efaec",
  "Name": "Sphynx",
  "TypeAnimalId": "18ce01fb-4869-4eae-8822-cd84b80efaec"
},
{
  "_id": "7bce01fb-4869-4eae-8822-cd84b80efaec",
  "Name": "British Shorthair",
  "TypeAnimalId": "18ce01fb-4869-4eae-8822-cd84b80efaec"
},
{
  "_id": "8bce01fb-4869-4eae-8822-cd84b80efaec",
  "Name": "Russian Blue",
  "TypeAnimalId": "18ce01fb-4869-4eae-8822-cd84b80efaec"
},
{
  "_id": "9bce01fb-4869-4eae-8822-cd84b80efaec",
  "Name": "Scottish Fold",
  "TypeAnimalId": "18ce01fb-4869-4eae-8822-cd84b80efaec"
},
{
  "_id": "0bce01fb-4869-4eae-8822-cd84b80efaec",
  "Name": "Abyssinian",
  "TypeAnimalId": "18ce01fb-4869-4eae-8822-cd84b80efaec"
}]